2020-04-20 00:04:56,0
2020-04-20 00:09:56,0
2020-04-20 00:14:55,0
2020-04-20 00:19:55,0
2020-04-20 00:24:55,0
2020-04-20 00:29:55,0
2020-04-20 00:34:55,0
2020-04-20 00:39:55,0
2020-04-20 00:44:55,0
2020-04-20 00:49:55,0
2020-04-20 00:54:55,0
2020-04-20 00:59:55,0
2020-04-20 01:04:56,0.8
2020-04-20 01:09:55,0
2020-04-20 01:14:56,0
2020-04-20 01:19:56,0
2020-04-20 01:24:56,0
2020-04-20 01:29:56,0
2020-04-20 01:34:55,0.8
2020-04-20 01:39:55,0
2020-04-20 01:44:55,0
2020-04-20 01:49:55,0
2020-04-20 01:54:55,0
2020-04-20 01:59:55,0
2020-04-20 02:04:56,0
2020-04-20 02:09:55,0
2020-04-20 02:14:56,0
2020-04-20 02:19:56,0
2020-04-20 02:24:56,0
2020-04-20 02:29:56,0
2020-04-20 02:34:55,0
2020-04-20 02:39:55,0
2020-04-20 02:44:55,0
2020-04-20 02:49:55,0
2020-04-20 02:54:55,0
2020-04-20 02:59:55,0
2020-04-20 03:04:55,0
2020-04-20 03:09:56,0
2020-04-20 03:14:55,0
2020-04-20 03:19:56,0
2020-04-20 03:24:56,0
2020-04-20 03:29:56,0
2020-04-20 03:34:56,0
2020-04-20 03:39:55,0
2020-04-20 03:44:55,0
2020-04-20 03:49:55,0
2020-04-20 03:54:55,0
2020-04-20 03:59:55,0
2020-04-20 04:04:55,0
2020-04-20 04:09:56,0.8
2020-04-20 04:14:56,0
2020-04-20 04:19:56,0
2020-04-20 04:24:56,0
2020-04-20 04:29:56,0
2020-04-20 04:34:56,0
2020-04-20 04:39:55,0
2020-04-20 04:44:55,0
2020-04-20 04:49:56,0
2020-04-20 04:54:55,0
2020-04-20 04:59:55,0
2020-04-20 05:04:55,0
2020-04-20 05:09:56,0
2020-04-20 05:14:56,0
2020-04-20 05:19:56,0
2020-04-20 05:24:56,0
2020-04-20 05:29:56,0
2020-04-20 05:34:56,0
2020-04-20 05:39:56,0
2020-04-20 05:44:55,0
2020-04-20 05:49:56,0
2020-04-20 05:54:56,0
2020-04-20 05:59:56,0
2020-04-20 06:04:55,0
2020-04-20 06:09:55,0
2020-04-20 06:14:55,0.8
2020-04-20 06:19:55,0
2020-04-20 06:24:55,0
2020-04-20 06:29:56,0
2020-04-20 06:34:56,0
2020-04-20 06:39:56,0
2020-04-20 06:44:56,0.8
2020-04-20 06:49:56,3.3
2020-04-20 06:54:56,3.3
2020-04-20 06:59:56,2.5
2020-04-20 07:04:55,4.2
2020-04-20 07:09:55,8.3
2020-04-20 07:14:55,8.3
2020-04-20 07:19:55,5.8
2020-04-20 07:24:55,9.1
2020-04-20 07:29:56,13.3
2020-04-20 07:34:56,13.3
2020-04-20 07:39:56,11.7
2020-04-20 07:44:56,16.7
2020-04-20 07:49:55,20.8
2020-04-20 07:54:56,21.6
2020-04-20 07:59:56,27.5
2020-04-20 08:04:56,34.1
2020-04-20 08:09:55,28.3
2020-04-20 08:14:55,31.7
2020-04-20 08:19:55,47.5
2020-04-20 08:24:56,60
2020-04-20 08:29:56,43.3
2020-04-20 08:34:56,32.5
2020-04-20 08:39:56,33.3
2020-04-20 08:44:56,27.5
2020-04-20 08:49:55,42.5
2020-04-20 08:54:56,55
2020-04-20 08:59:56,39.2
2020-04-20 09:04:56,40
2020-04-20 09:09:55,27.5
2020-04-20 09:14:55,35.8
2020-04-20 09:19:55,39.2
2020-04-20 09:24:55,38.3
2020-04-20 09:29:56,43.3
2020-04-20 09:34:56,48.3
2020-04-20 09:39:56,59.1
2020-04-20 09:44:56,58.3
2020-04-20 09:49:56,48.3
2020-04-20 09:54:56,40.8
2020-04-20 09:59:56,44.2
2020-04-20 10:04:56,56.7
2020-04-20 10:09:55,61.7
2020-04-20 10:14:55,76.6
2020-04-20 10:19:55,76.7
2020-04-20 10:24:56,55.8
2020-04-20 10:29:56,54.1
2020-04-20 10:34:56,44.2
2020-04-20 10:39:56,58.3
2020-04-20 10:44:56,67.5
2020-04-20 10:49:56,68.3
2020-04-20 10:54:56,85.8
2020-04-20 10:59:56,108.3
2020-04-20 11:04:56,95.8
2020-04-20 11:09:55,90.8
2020-04-20 11:14:55,61.7
2020-04-20 11:19:55,58.3
2020-04-20 11:24:56,51.6
2020-04-20 11:29:56,44.2
2020-04-20 11:34:56,45.8
2020-04-20 11:39:56,47.5
2020-04-20 11:44:56,46.7
2020-04-20 11:49:56,42.5
2020-04-20 11:54:56,40
2020-04-20 11:59:56,40
2020-04-20 12:04:56,49.1
2020-04-20 12:09:56,55.8
2020-04-20 12:14:56,40.8
2020-04-20 12:19:56,33.3
2020-04-20 12:24:55,37.5
2020-04-20 12:29:55,45.8
2020-04-20 12:34:56,55.8
2020-04-20 12:39:56,51.6
2020-04-20 12:44:56,55
2020-04-20 12:49:56,49.2
2020-04-20 12:54:56,40
2020-04-20 12:59:56,41.7
2020-04-20 13:04:56,41.6
2020-04-20 13:09:56,45
2020-04-20 13:14:56,45.8
2020-04-20 13:19:55,53.3
2020-04-20 13:24:56,66.7
2020-04-20 13:29:56,65.8
2020-04-20 13:34:56,70
2020-04-20 13:39:56,71.7
2020-04-20 13:44:56,68.3
2020-04-20 13:49:55,65.8
2020-04-20 13:54:56,62.5
2020-04-20 13:59:56,61.6
2020-04-20 14:04:56,63.3
2020-04-20 14:09:56,71.6
2020-04-20 14:14:56,72.5
2020-04-20 14:19:56,65.8
2020-04-20 14:24:56,70.8
2020-04-20 14:29:56,70.8
2020-04-20 14:34:56,55.8
2020-04-20 14:39:56,50.8
2020-04-20 14:44:55,45
2020-04-20 14:49:56,44.2
2020-04-20 14:54:56,35.8
2020-04-20 14:59:56,25
2020-04-20 15:04:56,21.6
2020-04-20 15:09:56,20.8
2020-04-20 15:14:56,19.2
2020-04-20 15:19:56,15
2020-04-20 15:24:56,13.3
2020-04-20 15:29:56,13.3
2020-04-20 15:34:56,14.1
2020-04-20 15:39:56,11.7
2020-04-20 15:44:56,11.6
2020-04-20 15:49:56,11.7
2020-04-20 15:54:56,10.8
2020-04-20 15:59:56,9.1
2020-04-20 16:04:56,10
2020-04-20 16:09:56,8.3
2020-04-20 16:14:56,10.8
2020-04-20 16:19:56,9.2
2020-04-20 16:24:57,10
2020-04-20 16:29:55,10
2020-04-20 16:34:56,12.5
2020-04-20 16:39:56,11.6
2020-04-20 16:44:56,8.3
2020-04-20 16:49:56,9.2
2020-04-20 16:54:56,5.8
2020-04-20 16:59:56,2.5
2020-04-20 17:04:57,3.3
2020-04-20 17:09:56,1.6
2020-04-20 17:14:56,0
2020-04-20 17:19:56,0
2020-04-20 17:24:56,0.8
2020-04-20 17:29:56,0
2020-04-20 17:34:56,0
2020-04-20 17:39:56,0
2020-04-20 17:44:56,0
2020-04-20 17:49:56,0
2020-04-20 17:54:56,0
2020-04-20 17:59:56,0
2020-04-20 18:04:57,0
2020-04-20 18:09:56,0
2020-04-20 18:14:56,0
2020-04-20 18:19:56,0
2020-04-20 18:24:56,0
2020-04-20 18:29:56,0
2020-04-20 18:34:56,0
2020-04-20 18:39:56,0
2020-04-20 18:44:56,0
2020-04-20 18:49:56,0
2020-04-20 18:54:57,0
2020-04-20 18:59:56,0
2020-04-20 19:04:56,0
2020-04-20 19:09:56,0
2020-04-20 19:14:56,0
2020-04-20 19:19:56,0
2020-04-20 19:24:56,0
2020-04-20 19:29:56,0
2020-04-20 19:34:56,0
2020-04-20 19:39:56,0
2020-04-20 19:44:56,0
2020-04-20 19:49:56,0
2020-04-20 19:54:57,0
2020-04-20 19:59:56,0
2020-04-20 20:04:56,0
2020-04-20 20:09:56,0
2020-04-20 20:14:56,0
2020-04-20 20:19:56,0
2020-04-20 20:24:56,0
2020-04-20 20:29:56,0
2020-04-20 20:34:56,0
2020-04-20 20:39:56,0
2020-04-20 20:44:56,0
2020-04-20 20:49:56,0
2020-04-20 20:54:56,0
2020-04-20 20:59:56,0
2020-04-20 21:04:57,0
2020-04-20 21:09:56,0
2020-04-20 21:14:56,0
2020-04-20 21:19:56,0.8
2020-04-20 21:24:56,0
2020-04-20 21:29:56,0
2020-04-20 21:34:56,0
2020-04-20 21:39:56,0
2020-04-20 21:44:56,0
2020-04-20 21:49:56,0
2020-04-20 21:54:57,0
2020-04-20 21:59:57,0
2020-04-20 22:04:57,0
2020-04-20 22:09:57,0
2020-04-20 22:14:56,0
2020-04-20 22:19:56,0
2020-04-20 22:24:56,0
2020-04-20 22:29:56,0
2020-04-20 22:34:56,0
2020-04-20 22:39:56,0
2020-04-20 22:44:56,0
2020-04-20 22:49:56,0
2020-04-20 22:54:57,0
2020-04-20 22:59:57,0
2020-04-20 23:04:56,0
2020-04-20 23:09:56,0
2020-04-20 23:14:56,0
2020-04-20 23:19:56,0
2020-04-20 23:24:56,0
2020-04-20 23:29:56,0
2020-04-20 23:34:56,0
2020-04-20 23:39:57,0
2020-04-20 23:44:57,0
2020-04-20 23:49:57,0
2020-04-20 23:54:57,0
2020-04-20 23:59:57,0
2020-04-21 00:04:57,0
2020-04-21 00:09:56,0
2020-04-21 00:14:56,0
2020-04-21 00:19:56,0
2020-04-21 00:24:56,0
2020-04-21 00:29:56,0
2020-04-21 00:34:56,0
2020-04-21 00:39:56,0
2020-04-21 00:44:56,0
2020-04-21 00:49:56,0
2020-04-21 00:54:56,0
2020-04-21 00:59:57,0
2020-04-21 01:04:57,0
2020-04-21 01:09:57,0
2020-04-21 01:14:57,0
2020-04-21 01:19:56,0
2020-04-21 01:24:56,0
2020-04-21 01:29:56,0
2020-04-21 01:34:56,0
2020-04-21 01:39:56,0
2020-04-21 01:44:56,0
2020-04-21 01:49:57,0
2020-04-21 01:54:57,0
2020-04-21 01:59:57,0
2020-04-21 02:04:57,0
2020-04-21 02:09:56,0
2020-04-21 02:14:56,0
2020-04-21 02:19:56,0
2020-04-21 02:24:56,0
2020-04-21 02:29:56,0
2020-04-21 02:34:56,0
2020-04-21 02:39:56,0
2020-04-21 02:44:56,0
2020-04-21 02:49:56,0
2020-04-21 02:54:56,0
2020-04-21 02:59:56,0
2020-04-21 03:04:57,0
2020-04-21 03:09:57,0
2020-04-21 03:14:57,0
2020-04-21 03:19:57,0
2020-04-21 03:24:57,0
2020-04-21 03:29:57,0
2020-04-21 03:34:56,0
2020-04-21 03:39:56,0
2020-04-21 03:44:56,0
2020-04-21 03:49:56,0.8
2020-04-21 03:54:57,0
2020-04-21 03:59:56,0
2020-04-21 04:04:56,0
2020-04-21 04:09:56,0
2020-04-21 04:14:56,0
2020-04-21 04:19:57,0
2020-04-21 04:24:56,0
2020-04-21 04:29:57,0
2020-04-21 04:34:57,0
2020-04-21 04:39:57,0
2020-04-21 04:44:57,0
2020-04-21 04:49:57,0
2020-04-21 04:54:57,0
2020-04-21 04:59:57,0
2020-04-21 05:04:57,0
2020-04-21 05:09:57,0
2020-04-21 05:14:56,0
2020-04-21 05:19:56,0
2020-04-21 05:24:56,0
2020-04-21 05:29:56,0
2020-04-21 05:34:56,0
2020-04-21 05:39:57,0
2020-04-21 05:44:57,0
2020-04-21 05:49:57,0
2020-04-21 05:54:57,0
2020-04-21 05:59:57,0
2020-04-21 06:04:56,0
2020-04-21 06:09:56,0
2020-04-21 06:14:56,0
2020-04-21 06:19:56,0
2020-04-21 06:24:56,0
2020-04-21 06:29:57,0
2020-04-21 06:34:57,0
2020-04-21 06:39:57,0
2020-04-21 06:44:57,0.8
2020-04-21 06:49:57,1.6
2020-04-21 06:54:57,2.5
2020-04-21 06:59:57,3.3
2020-04-21 07:04:57,4.1
2020-04-21 07:09:56,5
2020-04-21 07:14:56,5
2020-04-21 07:19:57,25
2020-04-21 07:24:56,45
2020-04-21 07:29:57,50.8
2020-04-21 07:34:57,55.8
2020-04-21 07:39:57,60.8
2020-04-21 07:44:57,65.8
2020-04-21 07:49:57,70.8
2020-04-21 07:54:57,76.6
2020-04-21 07:59:57,81.7
2020-04-21 08:04:57,87.5
2020-04-21 08:10:28,93.3
2020-04-21 08:14:57,98.3
2020-04-21 08:19:57,103.3
2020-04-21 08:24:57,109.1
2020-04-21 08:29:56,114.2
2020-04-21 08:34:56,119.1
2020-04-21 08:39:57,125
2020-04-21 08:44:57,130.8
2020-04-21 08:49:57,135.8
2020-04-21 08:54:57,140.8
2020-04-21 08:59:57,145.8
2020-04-21 09:04:57,152.5
2020-04-21 09:09:57,157.5
2020-04-21 09:14:57,163.3
2020-04-21 09:19:57,46.6
2020-04-21 09:24:57,25.8
2020-04-21 09:29:57,176.6
2020-04-21 09:34:57,182.5
2020-04-21 09:39:56,189.1
2020-04-21 09:44:56,193.3
2020-04-21 09:49:56,198.3
2020-04-21 09:54:57,203.3
2020-04-21 09:59:57,208.3
2020-04-21 10:04:57,211.7
2020-04-21 10:09:57,215.8
2020-04-21 10:14:57,219.2
2020-04-21 10:19:57,223.3
2020-04-21 10:24:57,226.7
2020-04-21 10:29:56,229.9
2020-04-21 10:34:56,232.5
2020-04-21 10:39:56,234.9
2020-04-21 10:44:57,238.3
2020-04-21 10:49:57,240.8
2020-04-21 10:54:57,243.3
2020-04-21 10:59:57,246.6
2020-04-21 11:04:57,248.3
2020-04-21 11:09:57,248.3
2020-04-21 11:14:56,250
2020-04-21 11:19:57,252.4
2020-04-21 11:24:57,254.2
2020-04-21 11:29:57,255.8
2020-04-21 11:34:57,257.5
2020-04-21 11:39:57,254.1
2020-04-21 11:44:57,248.3
2020-04-21 11:49:57,253.3
2020-04-21 11:54:57,257.5
2020-04-21 11:59:57,254.9
2020-04-21 12:04:57,255.8
2020-04-21 12:09:57,254.1
2020-04-21 12:14:57,251.7
2020-04-21 12:20:28,251.7
2020-04-21 12:24:56,250.8
2020-04-21 12:29:57,252.4
2020-04-21 12:34:57,246.7
2020-04-21 12:39:57,249.9
2020-04-21 12:44:57,235
2020-04-21 12:49:57,239.1
2020-04-21 12:54:57,242.5
2020-04-21 12:59:57,239.1
2020-04-21 13:04:57,236.7
2020-04-21 13:09:57,232.4
2020-04-21 13:14:57,229.2
2020-04-21 13:19:57,226.6
2020-04-21 13:24:56,223.3
2020-04-21 13:29:57,220.8
2020-04-21 13:34:57,216.7
2020-04-21 13:39:57,213.3
2020-04-21 13:44:57,210
2020-04-21 13:49:57,205
2020-04-21 13:54:57,200.8
2020-04-21 13:59:57,196.6
2020-04-21 14:05:29,191.6
2020-04-21 14:10:29,187.5
2020-04-21 14:14:56,184.2
2020-04-21 14:19:57,179.1
2020-04-21 14:24:57,175
2020-04-21 14:29:57,170.8
2020-04-21 14:34:57,165
2020-04-21 14:39:57,84.1
2020-04-21 14:44:57,50.8
2020-04-21 14:49:57,138.3
2020-04-21 14:54:57,112.5
2020-04-21 14:59:57,115.8
2020-04-21 15:04:57,98.3
2020-04-21 15:09:57,83.3
2020-04-21 15:14:57,61.7
2020-04-21 15:19:57,75.8
2020-04-21 15:24:57,64.2
2020-04-21 15:29:57,43.3
2020-04-21 15:34:57,56.7
2020-04-21 15:39:57,19.1
2020-04-21 15:44:57,49.2
2020-04-21 15:49:58,47.5
2020-04-21 15:54:57,48.3
2020-04-21 15:59:57,51.6
2020-04-21 16:04:57,45.8
2020-04-21 16:09:58,31.6
2020-04-21 16:14:57,35
2020-04-21 16:19:57,21.6
2020-04-21 16:24:57,23.3
2020-04-21 16:29:57,26.6
2020-04-21 16:34:57,25
2020-04-21 16:39:57,23.3
2020-04-21 16:44:57,19.2
2020-04-21 16:49:57,6.6
2020-04-21 16:54:57,5.8
2020-04-21 16:59:57,5.8
2020-04-21 17:04:58,9.1
2020-04-21 17:09:57,5.8
2020-04-21 17:14:57,4.1
2020-04-21 17:19:57,0.8
2020-04-21 17:24:57,0
2020-04-21 17:29:57,0
2020-04-21 17:34:57,0
2020-04-21 17:39:57,0
2020-04-21 17:44:57,0
2020-04-21 17:49:57,0
2020-04-21 17:54:57,0
2020-04-21 17:59:57,0
2020-04-21 18:04:58,0
2020-04-21 18:09:58,0
2020-04-21 18:14:57,0
2020-04-21 18:19:57,0
2020-04-21 18:24:57,0
2020-04-21 18:29:57,0
2020-04-21 18:34:57,0
2020-04-21 18:39:57,0.8
2020-04-21 18:44:57,0
2020-04-21 18:49:58,0
2020-04-21 18:54:58,0
2020-04-21 18:59:58,0
2020-04-21 19:04:57,0
2020-04-21 19:09:57,0
2020-04-21 19:14:57,0
2020-04-21 19:19:57,0
2020-04-21 19:24:57,0
2020-04-21 19:29:57,0
2020-04-21 19:34:57,0
2020-04-21 19:39:57,0
2020-04-21 19:44:57,0
2020-04-21 19:49:57,0
2020-04-21 19:54:57,0
2020-04-21 19:59:57,0
2020-04-21 20:04:57,0
2020-04-21 20:09:57,0
2020-04-21 20:14:57,0
2020-04-21 20:19:57,0
2020-04-21 20:24:57,0
2020-04-21 20:29:57,0
2020-04-21 20:34:58,0
2020-04-21 20:39:58,0
2020-04-21 20:44:58,0
2020-04-21 20:49:58,0
2020-04-21 20:54:58,0
2020-04-21 20:59:58,0
2020-04-21 21:04:57,0
2020-04-21 21:09:57,0
2020-04-21 21:14:57,0
2020-04-21 21:19:57,0
2020-04-21 21:24:57,0
2020-04-21 21:29:57,0
2020-04-21 21:34:57,0
2020-04-21 21:39:57,0
2020-04-21 21:44:57,0
2020-04-21 21:49:57,0
2020-04-21 21:54:58,0
2020-04-21 21:59:58,0
2020-04-21 22:04:58,0
2020-04-21 22:09:58,0
2020-04-21 22:14:57,0
2020-04-21 22:19:57,0
2020-04-21 22:24:57,0
2020-04-21 22:29:57,0
2020-04-21 22:34:57,0
2020-04-21 22:39:57,0
2020-04-21 22:44:57,0
2020-04-21 22:49:58,0
2020-04-21 22:54:57,0
2020-04-21 22:59:57,0
2020-04-21 23:04:57,0
2020-04-21 23:09:57,0
2020-04-21 23:14:57,0
2020-04-21 23:19:57,0
2020-04-21 23:24:58,0
2020-04-21 23:29:58,0
2020-04-21 23:34:58,0
2020-04-21 23:39:58,0
2020-04-21 23:44:58,0.8
2020-04-21 23:49:58,0
2020-04-21 23:54:58,0
2020-04-21 23:59:58,0
2020-04-22 00:04:58,0
2020-04-22 00:09:58,0
2020-04-22 00:14:57,0
2020-04-22 00:19:57,0
2020-04-22 00:24:57,0
2020-04-22 00:29:57,0
2020-04-22 00:34:57,0
2020-04-22 00:39:57,0
2020-04-22 00:44:57,0
2020-04-22 00:49:58,0.8
2020-04-22 00:54:58,0
2020-04-22 00:59:58,0
2020-04-22 01:04:58,0
2020-04-22 01:09:58,0
2020-04-22 01:14:57,0
2020-04-22 01:19:57,0
2020-04-22 01:24:57,0
2020-04-22 01:29:57,0
2020-04-22 01:34:57,0
2020-04-22 01:39:57,0
2020-04-22 01:44:58,0
2020-04-22 01:49:57,0
2020-04-22 01:54:58,0.8
2020-04-22 01:59:58,0
2020-04-22 02:04:58,0
2020-04-22 02:09:58,0
2020-04-22 02:14:57,0
2020-04-22 02:19:57,0
2020-04-22 02:24:57,0
2020-04-22 02:29:57,0
2020-04-22 02:34:57,0
2020-04-22 02:39:57,0
2020-04-22 02:44:58,0
2020-04-22 02:49:57,0
2020-04-22 02:54:57,0
2020-04-22 02:59:57,0
2020-04-22 03:04:57,0
2020-04-22 03:09:57,0
2020-04-22 03:14:57,0
2020-04-22 03:19:58,0
2020-04-22 03:24:58,0
2020-04-22 03:29:58,0
2020-04-22 03:34:58,0
2020-04-22 03:39:58,0
2020-04-22 03:44:58,0
2020-04-22 03:49:57,0
2020-04-22 03:54:57,0
2020-04-22 03:59:57,0
2020-04-22 04:04:58,0
2020-04-22 04:09:58,0
2020-04-22 04:14:58,0
2020-04-22 04:19:58,0
2020-04-22 04:24:58,0
2020-04-22 04:29:58,0
2020-04-22 04:34:57,0
2020-04-22 04:39:57,0
2020-04-22 04:44:57,0
2020-04-22 04:49:58,0
2020-04-22 04:54:57,0
2020-04-22 04:59:57,0
2020-04-22 05:04:58,0
2020-04-22 05:09:58,0
2020-04-22 05:14:58,0
2020-04-22 05:19:58,0
2020-04-22 05:24:58,0
2020-04-22 05:29:58,0
2020-04-22 05:34:58,0
2020-04-22 05:39:57,0
2020-04-22 05:44:57,0
2020-04-22 05:49:57,0
2020-04-22 05:54:57,0
2020-04-22 05:59:57,0
2020-04-22 06:04:58,0
2020-04-22 06:09:58,0.8
2020-04-22 06:14:58,0
2020-04-22 06:19:58,0
2020-04-22 06:24:58,0
2020-04-22 06:29:58,0
2020-04-22 06:34:58,0
2020-04-22 06:39:57,0.8
2020-04-22 06:44:57,0.8
2020-04-22 06:49:58,1.7
2020-04-22 06:54:58,2.5
2020-04-22 06:59:58,3.3
2020-04-22 07:04:58,3.3
2020-04-22 07:09:58,4.1
2020-04-22 07:14:58,5.8
2020-04-22 07:19:58,12.5
2020-04-22 07:24:58,45
2020-04-22 07:29:58,50
2020-04-22 07:34:58,55.8
2020-04-22 07:39:57,60.8
2020-04-22 07:44:57,66.7
2020-04-22 07:49:57,72.5
2020-04-22 07:54:58,77.5
2020-04-22 07:59:58,82.5
2020-04-22 08:04:58,83.3
2020-04-22 08:09:58,93.3
2020-04-22 08:14:58,98.3
2020-04-22 08:19:58,103.3
2020-04-22 08:24:58,109.1
2020-04-22 08:29:58,114.2
2020-04-22 08:34:58,119.2
2020-04-22 08:39:57,125
2020-04-22 08:44:57,129.2
2020-04-22 08:49:58,136.6
2020-04-22 08:54:58,140.8
2020-04-22 08:59:58,146.6
2020-04-22 09:04:58,152.5
2020-04-22 09:09:58,157.5
2020-04-22 09:14:58,163.3
2020-04-22 09:19:58,20.8
2020-04-22 09:24:58,73.3
2020-04-22 09:29:58,176.7
2020-04-22 09:34:58,183.3
2020-04-22 09:39:58,188.3
2020-04-22 09:44:57,193.3
2020-04-22 09:49:57,199.2
2020-04-22 09:54:58,204.1
2020-04-22 09:59:58,208.3
2020-04-22 10:04:58,212.5
2020-04-22 10:09:58,217.5
2020-04-22 10:14:58,220.8
2020-04-22 10:19:58,224.1
2020-04-22 10:24:57,228.3
2020-04-22 10:29:57,230.8
2020-04-22 10:34:58,235
2020-04-22 10:39:58,238.3
2020-04-22 10:44:58,240
2020-04-22 10:49:58,241.6
2020-04-22 10:54:58,245
2020-04-22 10:59:58,248.3
2020-04-22 11:05:30,245.8
2020-04-22 11:09:58,249.1
2020-04-22 11:14:58,248.3
2020-04-22 11:19:58,247.4
2020-04-22 11:25:30,256.7
2020-04-22 11:29:57,252.5
2020-04-22 11:34:58,259.1
2020-04-22 11:39:58,260
2020-04-22 11:44:58,259.9
2020-04-22 11:49:58,257.5
2020-04-22 11:54:58,260.8
2020-04-22 11:59:58,260.8
2020-04-22 12:04:58,258.3
2020-04-22 12:09:58,250
2020-04-22 12:14:58,241.6
2020-04-22 12:19:58,250
2020-04-22 12:24:58,256.6
2020-04-22 12:29:58,244.2
2020-04-22 12:34:58,223.3
2020-04-22 12:39:58,261.7
2020-04-22 12:44:58,249.9
2020-04-22 12:49:58,256.7
2020-04-22 12:54:58,229.1
2020-04-22 12:59:58,256.7
2020-04-22 13:04:58,247.4
2020-04-22 13:09:58,246.7
2020-04-22 13:14:58,229.1
2020-04-22 13:19:58,233.3
2020-04-22 13:24:59,235.8
2020-04-22 13:29:57,220
2020-04-22 13:34:58,200.8
2020-04-22 13:39:58,221.7
2020-04-22 13:44:58,223.3
2020-04-22 13:49:58,215.8
2020-04-22 13:54:58,219.1
2020-04-22 13:59:58,140.8
2020-04-22 14:04:58,160
2020-04-22 14:09:58,197.5
2020-04-22 14:14:59,196.6
2020-04-22 14:19:59,195.8
2020-04-22 14:24:58,190
2020-04-22 14:29:58,181.7
2020-04-22 14:34:58,153.3
2020-04-22 14:39:58,144.2
2020-04-22 14:44:58,100.8
2020-04-22 14:49:58,101.7
2020-04-22 14:54:58,121.6
2020-04-22 14:59:58,75.8
2020-04-22 15:04:58,88.3
2020-04-22 15:09:58,66.7
2020-04-22 15:14:58,68.3
2020-04-22 15:19:59,75.8
2020-04-22 15:24:58,77.5
2020-04-22 15:29:58,56.7
2020-04-22 15:34:58,101.6
2020-04-22 15:39:58,62.5
2020-04-22 15:44:58,9.1
2020-04-22 15:49:58,9.2
2020-04-22 15:54:58,63.3
2020-04-22 15:59:58,74.2
2020-04-22 16:04:58,69.1
2020-04-22 16:09:58,28.3
2020-04-22 16:14:58,58.3
2020-04-22 16:19:58,23.3
2020-04-22 16:24:59,32.5
2020-04-22 16:29:59,7.5
2020-04-22 16:34:58,8.3
2020-04-22 16:39:58,6.7
2020-04-22 16:44:58,7.5
2020-04-22 16:49:58,11.7
2020-04-22 16:54:58,7.5
2020-04-22 16:59:58,10.8
2020-04-22 17:04:58,6.6
2020-04-22 17:09:58,3.3
2020-04-22 17:14:58,1.6
2020-04-22 17:19:59,0
2020-04-22 17:24:59,0
2020-04-22 17:29:59,0
2020-04-22 17:34:58,0
2020-04-22 17:39:58,0
2020-04-22 17:44:58,0
2020-04-22 17:49:58,0
2020-04-22 17:54:58,0
2020-04-22 17:59:58,0
2020-04-22 18:04:58,0
2020-04-22 18:09:58,0
2020-04-22 18:14:58,0
2020-04-22 18:19:59,0
2020-04-22 18:24:59,0
2020-04-22 18:29:59,0
2020-04-22 18:34:58,0
2020-04-22 18:39:58,0.8
2020-04-22 18:44:58,0
2020-04-22 18:49:58,0
2020-04-22 18:54:58,0
2020-04-22 18:59:58,0
2020-04-22 19:04:58,0
2020-04-22 19:09:58,0
2020-04-22 19:14:59,0
2020-04-22 19:19:59,0
2020-04-22 19:24:59,0
2020-04-22 19:29:59,0
2020-04-22 19:34:58,0
2020-04-22 19:39:58,0
2020-04-22 19:44:58,0
2020-04-22 19:49:58,0
2020-04-22 19:54:58,0
2020-04-22 19:59:58,0
2020-04-22 20:04:59,0
2020-04-22 20:09:58,0
2020-04-22 20:14:59,0
2020-04-22 20:19:59,0
2020-04-22 20:24:59,0
2020-04-22 20:29:58,0
2020-04-22 20:34:58,0
2020-04-22 20:39:58,0
2020-04-22 20:44:58,0
2020-04-22 20:49:59,0
2020-04-22 20:54:59,0
2020-04-22 20:59:58,0
2020-04-22 21:04:58,0
2020-04-22 21:09:58,0
2020-04-22 21:14:58,0
2020-04-22 21:19:58,0
2020-04-22 21:24:58,0
2020-04-22 21:29:58,0
2020-04-22 21:34:59,0
2020-04-22 21:39:59,0
2020-04-22 21:44:59,0
2020-04-22 21:49:59,0
2020-04-22 21:54:58,0
2020-04-22 21:59:58,0
2020-04-22 22:04:58,0
2020-04-22 22:09:58,0
2020-04-22 22:14:58,0
2020-04-22 22:19:58,0
2020-04-22 22:24:58,0
2020-04-22 22:29:59,0
2020-04-22 22:34:59,0
2020-04-22 22:39:59,0
2020-04-22 22:44:59,0
2020-04-22 22:49:58,0
2020-04-22 22:54:58,0
2020-04-22 22:59:58,0
2020-04-22 23:04:58,0
2020-04-22 23:09:58,0
2020-04-22 23:14:58,0
2020-04-22 23:19:58,0
2020-04-22 23:24:59,0
2020-04-22 23:29:59,0
2020-04-22 23:34:59,0
2020-04-22 23:39:59,0
2020-04-22 23:44:59,0
2020-04-22 23:49:59,0
2020-04-22 23:54:58,0
2020-04-22 23:59:58,0
2020-04-23 00:04:58,0
2020-04-23 00:09:58,0
2020-04-23 00:14:58,0
2020-04-23 00:19:59,0
2020-04-23 00:24:59,0
2020-04-23 00:29:59,0
2020-04-23 00:34:59,0
2020-04-23 00:39:59,0
2020-04-23 00:44:59,0
2020-04-23 00:49:59,0
2020-04-23 00:54:58,0
2020-04-23 00:59:58,0
2020-04-23 01:04:58,0
2020-04-23 01:09:58,0
2020-04-23 01:14:58,0
2020-04-23 01:19:58,0
2020-04-23 01:24:59,0
2020-04-23 01:29:59,0
2020-04-23 01:34:59,0
2020-04-23 01:39:59,0
2020-04-23 01:44:59,0
2020-04-23 01:49:59,0
2020-04-23 01:54:59,0
2020-04-23 01:59:59,0
2020-04-23 02:04:59,0
2020-04-23 02:09:59,0
2020-04-23 02:14:59,0
2020-04-23 02:19:59,0
2020-04-23 02:24:58,0
2020-04-23 02:29:58,0
2020-04-23 02:34:58,0
2020-04-23 02:39:58,0
2020-04-23 02:44:58,0
2020-04-23 02:49:58,0
2020-04-23 02:54:59,0
2020-04-23 02:59:59,0
2020-04-23 03:04:59,0
2020-04-23 03:09:59,0
2020-04-23 03:14:59,0
2020-04-23 03:19:59,0
2020-04-23 03:24:59,0
2020-04-23 03:29:58,0
2020-04-23 03:34:58,0
2020-04-23 03:39:58,0
2020-04-23 03:44:59,0
2020-04-23 03:49:59,0
2020-04-23 03:54:58,0
2020-04-23 03:59:58,0
2020-04-23 04:04:59,0
2020-04-23 04:09:59,0
2020-04-23 04:14:59,0
2020-04-23 04:19:59,0
2020-04-23 04:24:59,0
2020-04-23 04:29:59,0
2020-04-23 04:34:59,0
2020-04-23 04:39:59,0
2020-04-23 04:44:59,0
2020-04-23 04:49:59,0
2020-04-23 04:54:58,0
2020-04-23 04:59:59,0
2020-04-23 05:04:59,0
2020-04-23 05:09:59,0
2020-04-23 05:14:59,0
2020-04-23 05:19:59,0
2020-04-23 05:24:59,0
2020-04-23 05:29:59,0
2020-04-23 05:34:59,0
2020-04-23 05:39:59,0
2020-04-23 05:44:58,0
2020-04-23 05:49:59,0
2020-04-23 05:54:58,0
2020-04-23 05:59:59,0
2020-04-23 06:04:59,0
2020-04-23 06:09:59,0
2020-04-23 06:14:59,0
2020-04-23 06:19:59,0
2020-04-23 06:24:59,0
2020-04-23 06:29:59,0
2020-04-23 06:34:59,0
2020-04-23 06:39:59,0.8
2020-04-23 06:44:58,4.1
2020-04-23 06:49:58,5
2020-04-23 06:54:59,5
2020-04-23 06:59:59,5
2020-04-23 07:04:59,5.8
2020-04-23 07:09:59,2.5
2020-04-23 07:14:59,2.5
2020-04-23 07:19:59,5
2020-04-23 07:24:58,17.5
2020-04-23 07:29:59,52.4
2020-04-23 07:34:58,59.1
2020-04-23 07:39:59,65
2020-04-23 07:44:59,70
2020-04-23 07:49:59,75.8
2020-04-23 07:54:59,81.6
2020-04-23 07:59:59,87.5
2020-04-23 08:04:59,94.2
2020-04-23 08:09:59,99.2
2020-04-23 08:14:59,105
2020-04-23 08:19:58,109.1
2020-04-23 08:24:59,115
2020-04-23 08:29:59,120
2020-04-23 08:34:59,126.6
2020-04-23 08:39:59,133.3
2020-04-23 08:44:59,140
2020-04-23 08:49:59,146.6
2020-04-23 08:54:59,153.3
2020-04-23 08:59:59,158.3
2020-04-23 09:04:59,165
2020-04-23 09:09:59,178.3
2020-04-23 09:14:59,177.5
2020-04-23 09:19:59,32.5
2020-04-23 09:24:59,182.5
2020-04-23 09:29:59,188.3
2020-04-23 09:34:59,194.2
2020-04-23 09:39:58,200.8
2020-04-23 09:44:59,206.7
2020-04-23 09:49:59,211.6
2020-04-23 09:54:59,217.5
2020-04-23 09:59:59,220.8
2020-04-23 10:04:59,224.2
2020-04-23 10:09:59,227.4
2020-04-23 10:14:59,232.4
2020-04-23 10:19:59,238.3
2020-04-23 10:24:59,242.4
2020-04-23 10:29:59,245.8
2020-04-23 10:34:58,251.6
2020-04-23 10:39:59,255
2020-04-23 10:44:59,259.1
2020-04-23 10:49:59,262.5
2020-04-23 10:54:59,264.1
2020-04-23 10:59:59,266.7
2020-04-23 11:04:59,268.3
2020-04-23 11:10:31,270.8
2020-04-23 11:14:59,272.4
2020-04-23 11:20:30,274.1
2020-04-23 11:24:59,276.6
2020-04-23 11:29:59,277.5
2020-04-23 11:35:30,278.3
2020-04-23 11:39:59,277.5
2020-04-23 11:44:59,279.1
2020-04-23 11:49:59,283.3
2020-04-23 11:54:59,278.3
2020-04-23 12:00:00,249.2
2020-04-23 12:04:59,279.9
2020-04-23 12:09:59,277.5
2020-04-23 12:14:59,276.6
2020-04-23 12:19:59,276.7
2020-04-23 12:25:30,273.3
2020-04-23 12:29:59,274.2
2020-04-23 12:34:59,270.8
2020-04-23 12:39:59,270.8
2020-04-23 12:44:59,267.4
2020-04-23 12:49:59,266.7
2020-04-23 12:54:59,262.4
2020-04-23 12:59:59,260.8
2020-04-23 13:04:59,259.1
2020-04-23 13:10:30,254.9
2020-04-23 13:14:59,253.3
2020-04-23 13:19:59,250
2020-04-23 13:24:59,246.6
2020-04-23 13:29:59,244.2
2020-04-23 13:34:59,239.1
2020-04-23 13:39:59,235
2020-04-23 13:45:31,230.8
2020-04-23 13:49:59,227.5
2020-04-23 13:55:00,223.3
2020-04-23 13:59:59,218.3
2020-04-23 14:04:59,214.2
2020-04-23 14:09:59,210.8
2020-04-23 14:14:59,205
2020-04-23 14:19:59,200
2020-04-23 14:25:31,194.1
2020-04-23 14:29:59,189.1
2020-04-23 14:34:59,182.5
2020-04-23 14:39:59,117.5
2020-04-23 14:45:00,144.2
2020-04-23 14:50:00,58.3
2020-04-23 14:54:59,144.2
2020-04-23 14:59:59,144.1
2020-04-23 15:04:59,66.7
2020-04-23 15:09:59,142.5
2020-04-23 15:14:59,127.5
2020-04-23 15:19:59,130
2020-04-23 15:24:59,124.2
2020-04-23 15:29:59,66.6
2020-04-23 15:34:59,110
2020-04-23 15:40:00,87.5
2020-04-23 15:45:00,23.3
2020-04-23 15:50:00,10
2020-04-23 15:54:59,55.8
2020-04-23 15:59:59,64.1
2020-04-23 16:04:59,21.7
2020-04-23 16:09:59,60
2020-04-23 16:14:59,24.2
2020-04-23 16:19:59,38.3
2020-04-23 16:24:59,34.2
2020-04-23 16:29:59,33.3
2020-04-23 16:35:00,21.7
2020-04-23 16:40:00,20
2020-04-23 16:45:00,22.5
2020-04-23 16:49:59,20
2020-04-23 16:54:59,10.8
2020-04-23 16:59:59,7.5
2020-04-23 17:04:59,7.5
2020-04-23 17:09:59,5
2020-04-23 17:14:59,2.5
2020-04-23 17:19:59,0
2020-04-23 17:24:59,0
2020-04-23 17:29:59,0
2020-04-23 17:35:00,0
2020-04-23 17:40:00,0
2020-04-23 17:45:00,0
2020-04-23 17:49:59,0
2020-04-23 17:54:59,0
2020-04-23 17:59:59,0
2020-04-23 18:04:59,0
2020-04-23 18:09:59,0
2020-04-23 18:14:59,0
2020-04-23 18:20:00,0.8
2020-04-23 18:25:00,0
2020-04-23 18:30:00,0
2020-04-23 18:35:00,0
2020-04-23 18:39:59,0
2020-04-23 18:44:59,0
2020-04-23 18:50:00,0
2020-04-23 18:54:59,0
2020-04-23 18:59:59,0
2020-04-23 19:04:59,0
2020-04-23 19:09:59,0
2020-04-23 19:15:00,0
2020-04-23 19:20:00,0
2020-04-23 19:25:00,0
2020-04-23 19:30:00,0
2020-04-23 19:35:00,0
2020-04-23 19:39:59,0
2020-04-23 19:44:59,0
2020-04-23 19:49:59,0
2020-04-23 19:54:59,0
2020-04-23 19:59:59,0
2020-04-23 20:04:59,0
2020-04-23 20:09:59,0
2020-04-23 20:14:59,0
2020-04-23 20:19:59,0
2020-04-23 20:25:00,0
2020-04-23 20:30:00,0
2020-04-23 20:35:00,0
2020-04-23 20:40:00,0
2020-04-23 20:45:00,0
2020-04-23 20:50:00,0
2020-04-23 20:54:59,0
2020-04-23 20:59:59,0
2020-04-23 21:04:59,0
2020-04-23 21:09:59,0.8
2020-04-23 21:14:59,0
2020-04-23 21:19:59,0
2020-04-23 21:25:00,0
2020-04-23 21:30:00,0
2020-04-23 21:35:00,0
2020-04-23 21:40:00,0
2020-04-23 21:45:00,0
2020-04-23 21:49:59,0
2020-04-23 21:54:59,0
2020-04-23 21:59:59,0
2020-04-23 22:04:59,0
2020-04-23 22:09:59,0
2020-04-23 22:14:59,0
2020-04-23 22:19:59,0
2020-04-23 22:25:00,0
2020-04-23 22:30:00,0
2020-04-23 22:35:00,0
2020-04-23 22:40:00,0
2020-04-23 22:45:00,0
2020-04-23 22:50:00,0
2020-04-23 22:55:00,0
2020-04-23 22:59:59,0
2020-04-23 23:04:59,0
2020-04-23 23:09:59,0
2020-04-23 23:14:59,0
2020-04-23 23:20:00,0
2020-04-23 23:24:59,0
2020-04-23 23:29:59,0
2020-04-23 23:35:00,0
2020-04-23 23:40:00,0
2020-04-23 23:45:00,0
2020-04-23 23:50:00,0
2020-04-23 23:55:00,0
2020-04-23 23:59:59,0
2020-04-24 00:04:59,0
2020-04-24 00:09:59,0
2020-04-24 00:14:59,0
2020-04-24 00:19:59,0
2020-04-24 00:25:00,0
2020-04-24 00:30:00,0
2020-04-24 00:35:00,0
2020-04-24 00:40:00,0
2020-04-24 00:45:00,0
2020-04-24 00:50:00,0
2020-04-24 00:55:00,0
2020-04-24 00:59:59,0
2020-04-24 01:04:59,0.8
2020-04-24 01:09:59,0
2020-04-24 01:15:00,0
2020-04-24 01:19:59,0
2020-04-24 01:25:00,0
2020-04-24 01:30:00,0
2020-04-24 01:35:00,0
2020-04-24 01:40:00,0
2020-04-24 01:45:00,0
2020-04-24 01:49:59,0
2020-04-24 01:55:00,0
2020-04-24 02:00:00,0
2020-04-24 02:05:00,0
2020-04-24 02:10:00,0
2020-04-24 02:15:00,0
2020-04-24 02:20:00,0
2020-04-24 02:25:00,0
2020-04-24 02:29:59,0
2020-04-24 02:34:59,0
2020-04-24 02:40:00,0
2020-04-24 02:45:00,0.8
2020-04-24 02:50:00,0
2020-04-24 02:55:00,0
2020-04-24 03:00:00,0
2020-04-24 03:05:00,0
2020-04-24 03:10:00,0
2020-04-24 03:15:00,0
2020-04-24 03:20:00,0
2020-04-24 03:25:00,0
2020-04-24 03:29:59,0
2020-04-24 03:34:59,0
2020-04-24 03:40:00,0
2020-04-24 03:45:00,0
2020-04-24 03:50:00,0
2020-04-24 03:54:59,0
2020-04-24 03:59:59,0
2020-04-24 04:05:00,0
2020-04-24 04:10:00,0
2020-04-24 04:15:00,0
2020-04-24 04:20:00,0
2020-04-24 04:25:00,0
2020-04-24 04:30:00,0
2020-04-24 04:35:00,0
2020-04-24 04:40:00,0
2020-04-24 04:45:00,0
2020-04-24 04:50:00,0
2020-04-24 04:55:00,0
2020-04-24 04:59:59,0
2020-04-24 05:04:59,0
2020-04-24 05:10:00,0
2020-04-24 05:15:00,0
2020-04-24 05:20:00,0
2020-04-24 05:25:00,0
2020-04-24 05:30:00,0
2020-04-24 05:35:00,0
2020-04-24 05:40:00,0
2020-04-24 05:45:00,0
2020-04-24 05:50:00,0
2020-04-24 05:55:00,0
2020-04-24 05:59:59,0
2020-04-24 06:04:59,0
2020-04-24 06:10:00,0
2020-04-24 06:15:00,0
2020-04-24 06:20:00,0
2020-04-24 06:25:00,0
2020-04-24 06:30:00,0
2020-04-24 06:35:00,0
2020-04-24 06:40:00,0
2020-04-24 06:45:00,2.5
2020-04-24 06:50:00,5
2020-04-24 06:55:00,6.6
2020-04-24 07:00:00,7.5
2020-04-24 07:05:00,5.8
2020-04-24 07:10:00,6.6
2020-04-24 07:15:00,14.1
2020-04-24 07:20:00,23.3
2020-04-24 07:25:00,61.7
2020-04-24 07:30:00,69.2
2020-04-24 07:35:01,71.6
2020-04-24 07:40:00,73.3
2020-04-24 07:45:00,50.8
2020-04-24 07:50:00,75.8
2020-04-24 07:55:00,82.5
2020-04-24 08:00:00,87.5
2020-04-24 08:05:00,93.3
2020-04-24 08:10:00,99.2
2020-04-24 08:15:00,105
2020-04-24 08:20:00,111.6
2020-04-24 08:25:00,118.3
2020-04-24 08:30:00,125
2020-04-24 08:35:00,132.5
2020-04-24 08:40:00,139.1
2020-04-24 08:45:00,145.8
2020-04-24 08:50:00,151.6
2020-04-24 08:55:00,157.5
2020-04-24 09:00:00,163.3
2020-04-24 09:05:00,167.5
2020-04-24 09:10:00,173.3
2020-04-24 09:15:00,133.3
2020-04-24 09:20:00,40
2020-04-24 09:25:00,186.7
2020-04-24 09:30:01,191.6
2020-04-24 09:35:00,196.7
2020-04-24 09:40:00,200
2020-04-24 09:45:00,205
2020-04-24 09:50:00,210.8
2020-04-24 09:55:00,214.2
2020-04-24 10:00:00,218.3
2020-04-24 10:05:00,223.3
2020-04-24 10:10:00,227.4
2020-04-24 10:15:00,231.7
2020-04-24 10:20:00,235.8
2020-04-24 10:25:00,239.2
2020-04-24 10:30:00,242.4
2020-04-24 10:35:00,245.8
2020-04-24 10:40:00,249.1
2020-04-24 10:45:01,252.5
2020-04-24 10:50:00,255
2020-04-24 10:55:00,256.7
2020-04-24 11:00:00,259.1
2020-04-24 11:05:00,260
2020-04-24 11:10:00,264.1
2020-04-24 11:15:00,265
2020-04-24 11:20:00,264.1
2020-04-24 11:25:01,269.2
2020-04-24 11:30:00,269.1
2020-04-24 11:35:00,270.8
2020-04-24 11:40:00,270.8
2020-04-24 11:45:00,270.8
2020-04-24 11:50:00,270.8
2020-04-24 11:55:00,271.7
2020-04-24 12:00:00,272.4
2020-04-24 12:05:00,272.5
2020-04-24 12:10:00,269.9
2020-04-24 12:15:00,269.2
2020-04-24 12:20:00,268.3
2020-04-24 12:25:00,268.3
2020-04-24 12:30:00,266.6
2020-04-24 12:35:01,265.8
2020-04-24 12:40:01,262.4
2020-04-24 12:45:00,260.8
2020-04-24 12:50:00,259.1
2020-04-24 12:55:00,257.4
2020-04-24 13:00:00,255
2020-04-24 13:05:00,251.6
2020-04-24 13:10:00,250
2020-04-24 13:15:00,246.6
2020-04-24 13:20:00,243.3
2020-04-24 13:25:00,240.8
2020-04-24 13:30:01,238.3
2020-04-24 13:35:00,234.1
2020-04-24 13:40:00,230
2020-04-24 13:45:00,227.4
2020-04-24 13:50:01,225
2020-04-24 13:55:00,219.1
2020-04-24 14:00:00,215
2020-04-24 14:05:00,210.8
2020-04-24 14:10:00,207.5
2020-04-24 14:15:00,200.8
2020-04-24 14:20:00,196.6
2020-04-24 14:25:01,192.5
2020-04-24 14:30:01,184.1
2020-04-24 14:35:00,180.8
2020-04-24 14:40:00,175
2020-04-24 14:45:00,12.5
2020-04-24 14:50:00,153.3
2020-04-24 14:55:32,155.8
2020-04-24 15:00:00,148.3
2020-04-24 15:05:00,13.3
2020-04-24 15:10:00,60
2020-04-24 15:15:01,11.7
2020-04-24 15:20:01,29.1
2020-04-24 15:25:01,121.7
2020-04-24 15:30:01,117.5
2020-04-24 15:35:00,10.8
2020-04-24 15:40:00,27.5
2020-04-24 15:45:00,11.6
2020-04-24 15:50:01,90
2020-04-24 15:55:00,10
2020-04-24 16:00:00,8.3
2020-04-24 16:05:00,8.3
2020-04-24 16:10:00,8.3
2020-04-24 16:15:01,7.5
2020-04-24 16:20:01,6.7
2020-04-24 16:25:01,6.7
2020-04-24 16:30:01,42.5
2020-04-24 16:35:00,38.3
2020-04-24 16:40:00,33.3
2020-04-24 16:45:00,28.3
2020-04-24 16:50:00,17.5
2020-04-24 16:55:00,10
2020-04-24 17:00:00,8.3
2020-04-24 17:05:00,6.7
2020-04-24 17:10:01,3.3
2020-04-24 17:15:01,0.8
2020-04-24 17:20:01,0
2020-04-24 17:25:01,0
2020-04-24 17:30:00,0
2020-04-24 17:35:00,0
2020-04-24 17:40:00,0
2020-04-24 17:45:00,0
2020-04-24 17:50:01,0
2020-04-24 17:55:00,0
2020-04-24 18:00:00,0
2020-04-24 18:05:00,0
2020-04-24 18:10:01,0
2020-04-24 18:15:01,0
2020-04-24 18:20:01,0
2020-04-24 18:25:01,0.8
2020-04-24 18:30:00,0
2020-04-24 18:35:00,0
2020-04-24 18:40:00,0
2020-04-24 18:45:00,0
2020-04-24 18:50:01,0
2020-04-24 18:55:00,0
2020-04-24 19:00:00,0.8
2020-04-24 19:05:01,0
2020-04-24 19:10:01,0
2020-04-24 19:15:01,0
2020-04-24 19:20:01,0
2020-04-24 19:25:01,0
2020-04-24 19:30:00,0
2020-04-24 19:35:00,0.8
2020-04-24 19:40:00,0
2020-04-24 19:45:00,0
2020-04-24 19:50:00,0
2020-04-24 19:55:00,0
2020-04-24 20:00:00,0
2020-04-24 20:05:01,0
2020-04-24 20:10:01,0
2020-04-24 20:15:01,0
2020-04-24 20:20:01,0
2020-04-24 20:25:01,0
2020-04-24 20:30:00,0
2020-04-24 20:35:00,0
2020-04-24 20:40:00,0
2020-04-24 20:45:00,0
2020-04-24 20:50:01,0
2020-04-24 20:55:01,0
2020-04-24 21:00:01,0
2020-04-24 21:05:00,0
2020-04-24 21:10:00,0
2020-04-24 21:15:00,0
2020-04-24 21:20:00,0
2020-04-24 21:25:01,0
2020-04-24 21:30:01,0
2020-04-24 21:35:01,0
2020-04-24 21:40:01,0
2020-04-24 21:45:01,0
2020-04-24 21:50:00,0.8
2020-04-24 21:55:01,0
2020-04-24 22:00:01,0
2020-04-24 22:05:01,0
2020-04-24 22:10:01,0
2020-04-24 22:15:01,0
2020-04-24 22:20:01,0
2020-04-24 22:25:00,0
2020-04-24 22:30:00,0
2020-04-24 22:35:00,0
2020-04-24 22:40:00,0
2020-04-24 22:45:01,0
2020-04-24 22:50:01,0
2020-04-24 22:55:01,0
2020-04-24 23:00:01,0
2020-04-24 23:05:01,0
2020-04-24 23:10:01,0
2020-04-24 23:15:01,0
2020-04-24 23:20:01,0
2020-04-24 23:25:00,0
2020-04-24 23:30:00,0.8
2020-04-24 23:35:00,0
2020-04-24 23:40:00,0
2020-04-24 23:45:01,0
2020-04-24 23:50:00,0
2020-04-24 23:55:00,0
2020-04-25 00:00:00,0
2020-04-25 00:05:00,0
2020-04-25 00:10:01,0
2020-04-25 00:15:01,0
2020-04-25 00:20:01,0
2020-04-25 00:25:01,0
2020-04-25 00:30:01,0
2020-04-25 00:35:01,0.8
2020-04-25 00:40:01,0
2020-04-25 00:45:00,0
2020-04-25 00:50:01,0
2020-04-25 00:55:01,0
2020-04-25 01:00:01,0
2020-04-25 01:05:01,0
2020-04-25 01:10:01,0
2020-04-25 01:15:00,0
2020-04-25 01:20:00,0
2020-04-25 01:25:00,0
2020-04-25 01:30:00,0
2020-04-25 01:35:01,0
2020-04-25 01:40:01,0.8
2020-04-25 01:45:01,0
2020-04-25 01:50:01,0
2020-04-25 01:55:01,0
2020-04-25 02:00:01,0
2020-04-25 02:05:01,0
2020-04-25 02:10:01,0
2020-04-25 02:15:00,0
2020-04-25 02:20:00,0
2020-04-25 02:25:01,0
2020-04-25 02:30:00,0
2020-04-25 02:35:01,0
2020-04-25 02:40:01,0
2020-04-25 02:45:01,0
2020-04-25 02:50:01,0
2020-04-25 02:55:01,0
2020-04-25 03:10:01,0
2020-04-25 03:15:01,0.8
2020-04-25 03:20:01,0
2020-04-25 03:25:01,0
2020-04-25 03:30:01,0
2020-04-25 03:35:01,0
2020-04-25 03:40:00,0
2020-04-25 03:45:00,0
2020-04-25 03:50:01,0
2020-04-25 03:55:01,0
2020-04-25 04:00:01,0
2020-04-25 04:05:01,0
2020-04-25 04:10:01,0
2020-04-25 04:15:01,0
2020-04-25 04:20:01,0
2020-04-25 04:25:01,0
2020-04-25 04:30:00,0
2020-04-25 04:35:01,0
2020-04-25 04:40:01,0
2020-04-25 04:45:01,0
2020-04-25 04:50:01,0
2020-04-25 04:55:01,0
2020-04-25 05:00:01,0
2020-04-25 05:05:01,0
2020-04-25 05:10:01,0
2020-04-25 05:15:01,0
2020-04-25 05:20:01,0
2020-04-25 05:25:00,0
2020-04-25 05:30:01,0
2020-04-25 05:35:01,0
2020-04-25 05:40:01,0
2020-04-25 05:45:01,0
2020-04-25 05:50:01,0
2020-04-25 05:55:01,0
2020-04-25 06:00:01,0
2020-04-25 06:05:01,0
2020-04-25 06:10:01,0
2020-04-25 06:15:01,0
2020-04-25 06:20:00,0
2020-04-25 06:25:00,0
2020-04-25 06:30:01,0
2020-04-25 06:35:01,0
2020-04-25 06:40:01,0
2020-04-25 06:45:01,0.8
2020-04-25 06:50:01,1.7
2020-04-25 06:55:01,1.7
2020-04-25 07:00:01,3.3
2020-04-25 07:05:01,4.1
2020-04-25 07:10:01,5
2020-04-25 07:15:01,4.1
2020-04-25 07:20:01,5
2020-04-25 07:25:01,34.1
2020-04-25 07:30:01,53.3
2020-04-25 07:35:01,59.2
2020-04-25 07:40:01,62.5
2020-04-25 07:45:01,70.8
2020-04-25 07:50:01,76.7
2020-04-25 07:55:01,82.5
2020-04-25 08:00:01,87.5
2020-04-25 08:05:01,93.3
2020-04-25 08:10:02,99.1
2020-04-25 08:15:01,105.8
2020-04-25 08:20:01,110.8
2020-04-25 08:25:01,116.6
2020-04-25 08:30:01,122.5
2020-04-25 08:35:01,129.1
2020-04-25 08:40:01,135.8
2020-04-25 08:45:01,140.8
2020-04-25 08:50:01,147.5
2020-04-25 08:55:01,153.3
2020-04-25 09:00:01,159.1
2020-04-25 09:05:01,164.2
2020-04-25 09:10:01,170.8
2020-04-25 09:15:02,41.7
2020-04-25 09:20:02,85
2020-04-25 09:25:01,185.8
2020-04-25 09:30:01,192.5
2020-04-25 09:35:01,200
2020-04-25 09:40:01,205.8
2020-04-25 09:45:01,210
2020-04-25 09:50:01,215
2020-04-25 09:55:01,220
2020-04-25 10:00:01,224.2
2020-04-25 10:05:01,228.3
2020-04-25 10:10:01,232.5
2020-04-25 10:15:01,236.6
2020-04-25 10:20:01,239.2
2020-04-25 10:25:01,242.5
2020-04-25 10:30:01,246.7
2020-04-25 10:35:01,249.1
2020-04-25 10:40:02,251.7
2020-04-25 10:45:02,254.2
2020-04-25 10:50:01,256.6
2020-04-25 10:55:01,259.2
2020-04-25 11:00:01,261.6
2020-04-25 11:05:01,263.3
2020-04-25 11:10:01,265.8
2020-04-25 11:15:01,267.5
2020-04-25 11:20:01,267.4
2020-04-25 11:25:01,269.2
2020-04-25 11:30:01,270.8
2020-04-25 11:35:33,270.8
2020-04-25 11:40:02,270.8
2020-04-25 11:45:02,271.7
2020-04-25 11:50:02,271.6
2020-04-25 11:55:02,270.8
2020-04-25 12:00:02,270.8
2020-04-25 12:05:01,270.8
2020-04-25 12:10:01,271.6
2020-04-25 12:15:01,269.9
2020-04-25 12:20:01,268.3
2020-04-25 12:25:01,269.1
2020-04-25 12:30:01,267.5
2020-04-25 12:35:01,266.6
2020-04-25 12:40:01,265
2020-04-25 12:45:02,262.4
2020-04-25 12:50:01,260.8
2020-04-25 12:55:01,256.6
2020-04-25 13:00:01,255.8
2020-04-25 13:05:02,251.7
2020-04-25 13:10:02,250
2020-04-25 13:15:01,245.8
2020-04-25 13:20:01,243.3
2020-04-25 13:25:01,238.3
2020-04-25 13:30:01,235.8
2020-04-25 13:35:01,232.4
2020-04-25 13:40:01,228.3
2020-04-25 13:45:01,224.1
2020-04-25 13:50:01,220.8
2020-04-25 13:55:01,216.6
2020-04-25 14:00:01,212.5
2020-04-25 14:05:01,209.1
2020-04-25 14:10:01,203.3
2020-04-25 14:15:01,200
2020-04-25 14:20:02,195
2020-04-25 14:25:02,190.8
2020-04-25 14:30:02,185.8
2020-04-25 14:35:02,180.8
2020-04-25 14:40:01,37.5
2020-04-25 14:45:01,93.3
2020-04-25 14:50:02,121.7
2020-04-25 14:55:01,83.3
2020-04-25 15:00:01,53.3
2020-04-25 15:05:01,12.5
2020-04-25 15:10:01,95.8
2020-04-25 15:15:01,129.1
2020-04-25 15:20:01,126.7
2020-04-25 15:25:01,65.8
2020-04-25 15:30:02,65
2020-04-25 15:35:02,61.6
2020-04-25 15:40:02,62.5
2020-04-25 15:45:02,20.8
2020-04-25 15:50:01,48.3
2020-04-25 15:55:01,52.5
2020-04-25 16:00:01,70.8
2020-04-25 16:05:02,35
2020-04-25 16:10:02,54.2
2020-04-25 16:15:02,7.5
2020-04-25 16:20:02,28.3
2020-04-25 16:25:01,30
2020-04-25 16:30:01,17.5
2020-04-25 16:35:01,25
2020-04-25 16:40:01,20
2020-04-25 16:45:01,18.3
2020-04-25 16:50:01,10
2020-04-25 16:55:01,11.6
2020-04-25 17:00:01,0.8
2020-04-25 17:05:01,0
2020-04-25 17:10:01,0
2020-04-25 17:15:02,0
2020-04-25 17:20:02,0
2020-04-25 17:25:02,0
2020-04-25 17:30:02,0
2020-04-25 17:35:02,0
2020-04-25 17:40:01,0
2020-04-25 17:45:01,0
2020-04-25 17:50:02,0
2020-04-25 17:55:02,0
2020-04-25 18:00:02,0
2020-04-25 18:05:02,0
2020-04-25 18:10:02,0.8
2020-04-25 18:15:01,0
2020-04-25 18:20:01,0
2020-04-25 18:25:01,0
2020-04-25 18:30:01,0
2020-04-25 18:35:01,0
2020-04-25 18:40:01,0
2020-04-25 18:45:02,0.8
2020-04-25 18:50:02,0
2020-04-25 18:55:02,0
2020-04-25 19:00:02,0
2020-04-25 19:05:02,0
2020-04-25 19:10:01,0
2020-04-25 19:15:01,0
2020-04-25 19:20:01,0.8
2020-04-25 19:25:01,0
2020-04-25 19:30:01,0
2020-04-25 19:35:02,0
2020-04-25 19:40:02,0
2020-04-25 19:45:02,0
2020-04-25 19:50:02,0
2020-04-25 19:55:02,0.8
2020-04-25 20:00:02,0
2020-04-25 20:05:02,0
2020-04-25 20:10:02,0
2020-04-25 20:15:01,0
2020-04-25 20:20:01,0
2020-04-25 20:25:01,0
2020-04-25 20:30:01,0
2020-04-25 20:35:01,0
2020-04-25 20:40:02,0
2020-04-25 20:45:02,0
2020-04-25 20:50:02,0
2020-04-25 20:55:02,0
2020-04-25 21:00:02,0
2020-04-25 21:05:02,0
2020-04-25 21:10:01,0
2020-04-25 21:15:01,0
2020-04-25 21:20:01,0
2020-04-25 21:25:01,0
2020-04-25 21:30:01,0
2020-04-25 21:35:02,0
2020-04-25 21:40:02,0
2020-04-25 21:45:02,0
2020-04-25 21:50:02,0
2020-04-25 21:55:02,0
2020-04-25 22:00:02,0
2020-04-25 22:05:02,0
2020-04-25 22:10:01,0
2020-04-25 22:15:01,0
2020-04-25 22:20:01,0
2020-04-25 22:25:01,0
2020-04-25 22:30:01,0
2020-04-25 22:35:02,0
2020-04-25 22:40:02,0
2020-04-25 22:45:02,0
2020-04-25 22:50:01,0
2020-04-25 22:55:02,0
2020-04-25 23:00:02,0
2020-04-25 23:05:02,0
2020-04-25 23:10:01,0
2020-04-25 23:15:01,0
2020-04-25 23:20:01,0
2020-04-25 23:25:01,0
2020-04-25 23:30:01,0
2020-04-25 23:35:02,0
2020-04-25 23:40:02,0
2020-04-25 23:45:02,0
2020-04-25 23:50:01,0
2020-04-25 23:55:02,0.8
2020-04-26 00:00:02,0
2020-04-26 00:05:02,0
2020-04-26 00:10:01,0
2020-04-26 00:15:01,0
2020-04-26 00:20:01,0
2020-04-26 00:25:02,0
2020-04-26 00:30:02,0
2020-04-26 00:35:02,0
2020-04-26 00:40:02,0
2020-04-26 00:45:02,0
2020-04-26 00:50:02,0
2020-04-26 00:55:02,0
2020-04-26 01:00:02,0
2020-04-26 01:05:02,0
2020-04-26 01:10:02,0
2020-04-26 01:15:02,0
2020-04-26 01:20:02,0
2020-04-26 01:25:02,0
2020-04-26 01:30:02,0
2020-04-26 01:35:02,0
2020-04-26 01:40:01,0
2020-04-26 01:45:01,0
2020-04-26 01:50:02,0
2020-04-26 01:55:02,0
2020-04-26 02:00:02,0
2020-04-26 02:05:02,0
2020-04-26 02:10:02,0
2020-04-26 02:15:02,0
2020-04-26 02:20:02,0
2020-04-26 02:25:02,0
2020-04-26 02:30:02,0
2020-04-26 02:35:02,0
2020-04-26 02:40:01,0
2020-04-26 02:45:01,0
2020-04-26 02:50:02,0
2020-04-26 02:55:02,0
2020-04-26 03:00:02,0
2020-04-26 03:05:01,0
2020-04-26 03:10:01,0
2020-04-26 03:15:02,0
2020-04-26 03:20:02,0
2020-04-26 03:25:02,0
2020-04-26 03:30:02,0
2020-04-26 03:35:02,0
2020-04-26 03:40:02,0
2020-04-26 03:45:02,0
2020-04-26 03:50:02,0
2020-04-26 03:55:02,0
2020-04-26 04:00:02,0
2020-04-26 04:05:01,0
2020-04-26 04:10:02,0
2020-04-26 04:15:02,0
2020-04-26 04:20:02,0
2020-04-26 04:25:02,0
2020-04-26 04:30:02,0
2020-04-26 04:35:02,0
2020-04-26 04:40:02,0
2020-04-26 04:45:02,0
2020-04-26 04:50:02,0
2020-04-26 04:55:02,0
2020-04-26 05:00:02,0
2020-04-26 05:05:02,0
2020-04-26 05:10:02,0
2020-04-26 05:15:02,0
2020-04-26 05:20:02,0
2020-04-26 05:25:02,0.8
2020-04-26 05:30:02,0
2020-04-26 05:35:02,0
2020-04-26 05:40:02,0
2020-04-26 05:45:01,0
2020-04-26 05:50:02,0
2020-04-26 05:55:02,0
2020-04-26 06:00:02,0
2020-04-26 06:05:02,0
2020-04-26 06:10:02,0
2020-04-26 06:15:02,0
2020-04-26 06:20:02,0
2020-04-26 06:25:02,0
2020-04-26 06:30:03,0
2020-04-26 06:35:02,0
2020-04-26 06:40:02,0.8
2020-04-26 06:45:02,1.6
2020-04-26 06:50:02,2.5
2020-04-26 06:55:02,3.3
2020-04-26 07:00:02,5
2020-04-26 07:05:02,6.7
2020-04-26 07:10:02,6.7
2020-04-26 07:15:02,8.3
2020-04-26 07:20:02,8.3
2020-04-26 07:25:02,27.5
2020-04-26 07:30:02,48.3
2020-04-26 07:35:02,56.7
2020-04-26 07:40:02,62.5
2020-04-26 07:45:02,69.1
2020-04-26 07:50:02,80
2020-04-26 07:55:02,90
2020-04-26 08:00:02,105.8
2020-04-26 08:05:02,113.3
2020-04-26 08:10:02,130
2020-04-26 08:15:02,118.3
2020-04-26 08:20:02,109.1
2020-04-26 08:25:03,140.8
2020-04-26 08:30:03,141.6
2020-04-26 08:35:02,125
2020-04-26 08:40:02,127.5
2020-04-26 08:45:02,94.2
2020-04-26 08:50:02,105.8
2020-04-26 08:55:02,134.2
2020-04-26 09:00:02,137.5
2020-04-26 09:05:02,155.8
2020-04-26 09:10:02,196.7
2020-04-26 09:15:03,42.5
2020-04-26 09:20:03,184.2
2020-04-26 09:25:02,200
2020-04-26 09:30:02,204.2
2020-04-26 09:35:02,214.1
2020-04-26 09:40:02,226.7
2020-04-26 09:45:02,244.9
2020-04-26 09:50:02,252.5
2020-04-26 09:55:02,272.4
2020-04-26 10:00:02,169.2
2020-04-26 10:05:03,190.8
2020-04-26 10:10:03,128.3
2020-04-26 10:15:03,132.5
2020-04-26 10:20:02,185
2020-04-26 10:25:02,220
2020-04-26 10:30:02,195.8
2020-04-26 10:35:02,143.3
2020-04-26 10:40:02,258.3
2020-04-26 10:45:02,254.1
2020-04-26 10:50:02,251.6
2020-04-26 10:55:02,245.8
2020-04-26 11:00:02,264.1
2020-04-26 11:05:02,200
2020-04-26 11:10:02,192.5
2020-04-26 11:15:02,121.7
2020-04-26 11:20:03,177.5
2020-04-26 11:25:03,171.7
2020-04-26 11:30:03,266.6
2020-04-26 11:35:02,274.2
2020-04-26 11:40:02,284.9
2020-04-26 11:45:02,131.7
2020-04-26 11:50:02,311.6
2020-04-26 11:55:02,111.7
2020-04-26 12:00:02,294.1
2020-04-26 12:05:02,325
2020-04-26 12:10:02,315.8
2020-04-26 12:15:02,335
2020-04-26 12:20:02,328.3
2020-04-26 12:25:03,80.8
2020-04-26 12:30:03,342.4
2020-04-26 12:35:03,326.6
2020-04-26 12:40:03,330.8
2020-04-26 12:45:02,129.1
2020-04-26 12:50:02,118.3
2020-04-26 12:55:02,101.6
2020-04-26 13:00:02,63.3
2020-04-26 13:05:02,57.5
2020-04-26 13:10:02,41.7
2020-04-26 13:15:02,45.8
2020-04-26 13:20:02,38.3
2020-04-26 13:25:03,41.7
2020-04-26 13:30:03,45.8
2020-04-26 13:35:03,50
2020-04-26 13:40:02,58.3
2020-04-26 13:45:02,60.8
2020-04-26 13:50:02,71.7
2020-04-26 13:55:03,76.6
2020-04-26 14:00:03,65.8
2020-04-26 14:05:03,59.1
2020-04-26 14:10:03,50.8
2020-04-26 14:15:03,28.3
2020-04-26 14:20:02,21.7
2020-04-26 14:25:02,17.5
2020-04-26 14:30:02,15.8
2020-04-26 14:35:02,19.2
2020-04-26 14:40:02,16.6
2020-04-26 14:45:02,12.5
2020-04-26 14:50:02,14.1
2020-04-26 14:55:02,13.3
2020-04-26 15:00:03,15
2020-04-26 15:05:03,16.7
2020-04-26 15:10:03,12.5
2020-04-26 15:15:03,15
2020-04-26 15:20:03,10
2020-04-26 15:25:03,6.7
2020-04-26 15:30:02,4.1
2020-04-26 15:35:02,2.5
2020-04-26 15:40:02,1.6
2020-04-26 15:45:02,1.7
2020-04-26 15:50:02,1.6
2020-04-26 15:55:02,1.7
2020-04-26 16:00:02,1.6
2020-04-26 16:05:02,2.5
2020-04-26 16:10:02,1.6
2020-04-26 16:15:02,0.8
2020-04-26 16:20:02,0
2020-04-26 16:25:03,0
2020-04-26 16:30:03,1.6
2020-04-26 16:35:03,1.7
2020-04-26 16:40:03,0.8
2020-04-26 16:45:03,0
2020-04-26 16:50:02,0
2020-04-26 16:55:03,0
2020-04-26 17:00:03,0
2020-04-26 17:05:03,0
2020-04-26 17:10:03,0
2020-04-26 17:15:03,0
2020-04-26 17:20:03,0
2020-04-26 17:25:02,0
2020-04-26 17:30:02,0
2020-04-26 17:35:02,0
2020-04-26 17:40:02,0
2020-04-26 17:45:03,0
2020-04-26 17:50:03,0
2020-04-26 17:55:03,0
2020-04-26 18:00:03,0
2020-04-26 18:05:03,0
2020-04-26 18:10:03,0
2020-04-26 18:15:02,0
2020-04-26 18:20:02,0
2020-04-26 18:25:02,0
2020-04-26 18:30:02,0
2020-04-26 18:35:02,0
2020-04-26 18:40:02,0
2020-04-26 18:45:03,0
2020-04-26 18:50:02,0
2020-04-26 18:55:02,0
2020-04-26 19:00:02,0
2020-04-26 19:05:02,0.8
2020-04-26 19:10:03,0
2020-04-26 19:15:03,0
2020-04-26 19:20:03,0
2020-04-26 19:25:03,0
2020-04-26 19:30:03,0
2020-04-26 19:35:03,0
2020-04-26 19:40:03,0
2020-04-26 19:45:03,0
2020-04-26 19:50:02,0
2020-04-26 19:55:02,0
2020-04-26 20:00:02,0
2020-04-26 20:05:02,0
2020-04-26 20:10:03,0
2020-04-26 20:15:03,0
2020-04-26 20:20:03,0
2020-04-26 20:25:03,0
2020-04-26 20:30:03,0
2020-04-26 20:35:03,0
2020-04-26 20:40:03,0
2020-04-26 20:45:03,0
2020-04-26 20:50:03,0
2020-04-26 20:55:02,0
2020-04-26 21:00:02,0
2020-04-26 21:05:03,0
2020-04-26 21:10:03,0
2020-04-26 21:15:03,0
2020-04-26 21:20:03,0
2020-04-26 21:25:03,0
2020-04-26 21:30:03,0
2020-04-26 21:35:03,0
2020-04-26 21:40:03,0
2020-04-26 21:45:03,0
2020-04-26 21:50:03,0
2020-04-26 21:55:02,0
2020-04-26 22:00:02,0
2020-04-26 22:05:03,0
2020-04-26 22:10:03,0
2020-04-26 22:15:03,0
2020-04-26 22:20:03,0
2020-04-26 22:25:03,0
2020-04-26 22:30:03,0
2020-04-26 22:35:03,0
2020-04-26 22:40:03,0
2020-04-26 22:45:03,0
2020-04-26 22:50:03,0
2020-04-26 22:55:02,0
2020-04-26 23:00:02,0
2020-04-26 23:05:03,0
2020-04-26 23:10:03,0
2020-04-26 23:15:03,0
2020-04-26 23:20:03,0
2020-04-26 23:25:03,0
2020-04-26 23:30:03,0
2020-04-26 23:35:03,0
2020-04-26 23:40:03,0
2020-04-26 23:45:02,0
2020-04-26 23:50:02,0
2020-04-26 23:55:02,0
